{
  "zerodays.org": {
    "avg_e_ai_star": 0.42000000000000004
  },
  "archive.org": {
    "avg_e_ai_star": 0.42000000000000004
  }
}